gemeinde;kanton;bild_pfad
Aarau;AG;bilder/AG/aarau.png
Aarburg;AG;bilder/AG/aarburg.png
Abtwil;AG;bilder/AG/abtwil.png
Ammerswil;AG;bilder/AG/ammerswil.png
Aristau;AG;bilder/AG/aristau.png
Arni;AG;bilder/AG/arni.png
Auenstein;AG;bilder/AG/auenstein.png
Auw;AG;bilder/AG/auw.png
Baden;AG;bilder/AG/baden.png
Beinwil;AG;bilder/AG/beinwil.png
Beinwil am See;AG;bilder/AG/beinwil_am_see.png
Bellikon;AG;bilder/AG/bellikon.png
Bergdietikon;AG;bilder/AG/bergdietikon.png
Berikon;AG;bilder/AG/berikon.png
Besenbüren;AG;bilder/AG/besenbueren.png
Bettwil;AG;bilder/AG/bettwil.png
Biberstein;AG;bilder/AG/biberstein.png
Birmenstorf;AG;bilder/AG/birmenstorf.png
Birr;AG;bilder/AG/birr.png
Birrhard;AG;bilder/AG/birrhard.png
Birrwil;AG;bilder/AG/birrwil.png
Boniswil;AG;bilder/AG/boniswil.png
Boswil;AG;bilder/AG/boswil.png
Bottenwil;AG;bilder/AG/bottenwil.png
Böttstein;AG;bilder/AG/boettstein.png
Bözberg;AG;bilder/AG/boezberg.png
Böztal;AG;bilder/AG/boeztal.png
Bremgarten;AG;bilder/AG/bremgarten.png
Brittnau;AG;bilder/AG/brittnau.png
Brugg;AG;bilder/AG/brugg.png
Brunegg;AG;bilder/AG/brunegg.png
Buchs;AG;bilder/AG/buchs.png
Bünzen;AG;bilder/AG/buenzen.png
Büttikon;AG;bilder/AG/buettikon.png
Buttwil;AG;bilder/AG/buttwil.png
Densbüren;AG;bilder/AG/densbueren.png
Dietwil;AG;bilder/AG/dietwil.png
Dintikon;AG;bilder/AG/dintikon.png
Dottikon;AG;bilder/AG/dottikon.png
Döttingen;AG;bilder/AG/doettingen.png
Dürrenäsch;AG;bilder/AG/duerrenaesch.png
Eggenwil;AG;bilder/AG/eggenwil.png
Egliswil;AG;bilder/AG/egliswil.png
Ehrendingen;AG;bilder/AG/ehrendingen.png
Eiken;AG;bilder/AG/eiken.png
Endingen;AG;bilder/AG/endingen.png
Ennetbaden;AG;bilder/AG/ennetbaden.png
Erlinsbach;AG;bilder/AG/erlinsbach.png
Fahrwangen;AG;bilder/AG/fahrwangen.png
Fischbach-Göslikon;AG;bilder/AG/fischbach_goeslikon.png
Fisibach;AG;bilder/AG/fisibach.png
Fislisbach;AG;bilder/AG/fislisbach.png
Freienwil;AG;bilder/AG/freienwil.png
Frick;AG;bilder/AG/frick.png
Full-Reuenthal;AG;bilder/AG/full_reuenthal.png
Gansingen;AG;bilder/AG/gansingen.png
Gebenstorf;AG;bilder/AG/gebenstorf.png
Geltwil;AG;bilder/AG/geltwil.png
Gipf-Oberfrick;AG;bilder/AG/gipf_oberfrick.png
Gontenschwil;AG;bilder/AG/gontenschwil.png
Gränichen;AG;bilder/AG/graenichen.png
Habsburg;AG;bilder/AG/habsburg.png
Hägglingen;AG;bilder/AG/haegglingen.png
Hallwil;AG;bilder/AG/hallwil.png
Hausen;AG;bilder/AG/hausen.png
Hellikon;AG;bilder/AG/hellikon.png
Hendschiken;AG;bilder/AG/hendschiken.png
Herznach-Ueken;AG;bilder/AG/herznach-ueken.png
Hirschthal;AG;bilder/AG/hirschthal.png
Holderbank;AG;bilder/AG/holderbank.png
Holziken;AG;bilder/AG/holziken.png
Hunzenschwil;AG;bilder/AG/hunzenschwil.png
Islisberg;AG;bilder/AG/islisberg.png
Jonen;AG;bilder/AG/jonen.png
Kaiseraugst;AG;bilder/AG/kaiseraugst.png
Kaisten;AG;bilder/AG/kaisten.png
Kallern;AG;bilder/AG/kallern.png
Killwangen;AG;bilder/AG/killwangen.png
Kirchleerau;AG;bilder/AG/kirchleerau.png
Klingnau;AG;bilder/AG/klingnau.png
Koblenz;AG;bilder/AG/koblenz.png
Kölliken;AG;bilder/AG/koelliken.png
Künten;AG;bilder/AG/kuenten.png
Küttigen;AG;bilder/AG/kuettigen.png
Laufenburg;AG;bilder/AG/laufenburg.png
Leibstadt;AG;bilder/AG/leibstadt.png
Leimbach;AG;bilder/AG/leimbach.png
Lengnau;AG;bilder/AG/lengnau.png
Lenzburg;AG;bilder/AG/lenzburg.png
Leuggern;AG;bilder/AG/leuggern.png
Leutwil;AG;bilder/AG/leutwil.png
Lupfig;AG;bilder/AG/lupfig.png
Magden;AG;bilder/AG/magden.png
Mägenwil;AG;bilder/AG/maegenwil.png
Mandach;AG;bilder/AG/mandach.png
Meisterschwanden;AG;bilder/AG/meisterschwanden.png
Mellikon;AG;bilder/AG/mellikon.png
Mellingen;AG;bilder/AG/mellingen.png
Menziken;AG;bilder/AG/menziken.png
Merenschwand;AG;bilder/AG/merenschwand.png
Mettauertal;AG;bilder/AG/mettauertal.png
Möhlin;AG;bilder/AG/moehlin.png
Mönthal;AG;bilder/AG/moenthal.png
Moosleerau;AG;bilder/AG/moosleerau.png
Möriken-Wildegg;AG;bilder/AG/moeriken_wildegg.png
Muhen;AG;bilder/AG/muhen.png
Mühlau;AG;bilder/AG/muehlau.png
Mülligen;AG;bilder/AG/muelligen.png
Mumpf;AG;bilder/AG/mumpf.png
Münchwilen;AG;bilder/AG/muenchwilen.png
Murgenthal;AG;bilder/AG/murgenthal.png
Muri;AG;bilder/AG/muri.png
Neuenhof;AG;bilder/AG/neuenhof.png
Niederlenz;AG;bilder/AG/niederlenz.png
Niederrohrdorf;AG;bilder/AG/niederrohrdorf.png
Niederwil;AG;bilder/AG/niederwil.png
Oberentfelden;AG;bilder/AG/oberentfelden.png
Oberhof;AG;bilder/AG/oberhof.png
Oberkulm;AG;bilder/AG/oberkulm.png
Oberlunkhofen;AG;bilder/AG/oberlunkhofen.png
Obermumpf;AG;bilder/AG/obermumpf.png
Oberrohrdorf;AG;bilder/AG/oberrohrdorf.png
Oberrüti;AG;bilder/AG/oberrueti.png
Obersiggenthal;AG;bilder/AG/obersiggenthal.png
Oberwil-Lieli;AG;bilder/AG/oberwil_lieli.png
Oeschgen;AG;bilder/AG/oeschgen.png
Oftringen;AG;bilder/AG/oftringen.png
Olsberg;AG;bilder/AG/olsberg.png
Othmarsingen;AG;bilder/AG/othmarsingen.png
Reinach;AG;bilder/AG/reinach.png
Reitnau;AG;bilder/AG/reitnau.png
Remetschwil;AG;bilder/AG/remetschwil.png
Remigen;AG;bilder/AG/remigen.png
Rheinfelden;AG;bilder/AG/rheinfelden.png
Riniken;AG;bilder/AG/riniken.png
Rothrist;AG;bilder/AG/rothrist.png
Rottenschwil;AG;bilder/AG/rottenschwil.png
Rudolfstetten-Friedlisberg;AG;bilder/AG/rudolfstetten_friedlisberg.png
Rüfenach;AG;bilder/AG/ruefenach.png
Rupperswil;AG;bilder/AG/rupperswil.png
Safenwil;AG;bilder/AG/safenwil.png
Sarmenstorf;AG;bilder/AG/sarmenstorf.png
Schafisheim;AG;bilder/AG/schafisheim.png
Schinznach;AG;bilder/AG/schinznach.png
Schlossrued;AG;bilder/AG/schlossrued.png
Schmiedrued;AG;bilder/AG/schmiedrued.png
Schneisingen;AG;bilder/AG/schneisingen.png
Schöftland;AG;bilder/AG/schoeftland.png
Schupfart;AG;bilder/AG/schupfart.png
Schwaderloch;AG;bilder/AG/schwaderloch.png
Seengen;AG;bilder/AG/seengen.png
Seon;AG;bilder/AG/seon.png
Siglistorf;AG;bilder/AG/siglistorf.png
Sins;AG;bilder/AG/sins.png
Sisseln;AG;bilder/AG/sisseln.png
Spreitenbach;AG;bilder/AG/spreitenbach.png
Staffelbach;AG;bilder/AG/staffelbach.png
Staufen;AG;bilder/AG/staufen.png
Stein;AG;bilder/AG/stein.png
Stetten;AG;bilder/AG/stetten.png
Strengelbach;AG;bilder/AG/strengelbach.png
Suhr;AG;bilder/AG/suhr.png
Tägerig;AG;bilder/AG/taegerig.png
Tegerfelden;AG;bilder/AG/tegerfelden.png
Teufenthal;AG;bilder/AG/teufenthal.png
Thalheim;AG;bilder/AG/thalheim.png
Uerkheim;AG;bilder/AG/uerkheim.png
Uezwil;AG;bilder/AG/uezwil.png
Unterentfelden;AG;bilder/AG/unterentfelden.png
Unterkulm;AG;bilder/AG/unterkulm.png
Unterlunkhofen;AG;bilder/AG/unterlunkhofen.png
Untersiggenthal;AG;bilder/AG/untersiggenthal.png
Veltheim;AG;bilder/AG/veltheim.png
Villigen;AG;bilder/AG/villigen.png
Villmergen;AG;bilder/AG/villmergen.png
Vordemwald;AG;bilder/AG/vordemwald.png
Wallbach;AG;bilder/AG/wallbach.png
Waltenschwil;AG;bilder/AG/waltenschwil.png
Wegenstetten;AG;bilder/AG/wegenstetten.png
Wettingen;AG;bilder/AG/wettingen.png
Widen;AG;bilder/AG/widen.png
Wiliberg;AG;bilder/AG/wiliberg.png
Windisch;AG;bilder/AG/windisch.png
Wittnau;AG;bilder/AG/wittnau.png
Wohlen;AG;bilder/AG/wohlen.png
Wohlenschwil;AG;bilder/AG/wohlenschwil.png
Wölflinswil;AG;bilder/AG/woelflinswil.png
Würenlingen;AG;bilder/AG/wuerenlingen.png
Würenlos;AG;bilder/AG/wuerenlos.png
Zeihen;AG;bilder/AG/zeihen.png
Zeiningen;AG;bilder/AG/zeiningen.png
Zetzwil;AG;bilder/AG/zetzwil.png
Zofingen;AG;bilder/AG/zofingen.png
Zufikon;AG;bilder/AG/zufikon.png
Zurzach;AG;bilder/AG/zurzach.png
Zuzgen;AG;bilder/AG/zuzgen.png
Aedermannsdorf;SO;bilder/SO/aedermannsdorf.png
Aeschi;SO;bilder/SO/aeschi.png
Balm bei Günsberg;SO;bilder/SO/balm_bei_guensberg.png
Balsthal;SO;bilder/SO/balsthal.png
Bärschwil;SO;bilder/SO/baerschwil.png
Bättwil;SO;bilder/SO/baettwil.png
Beinwil;SO;bilder/SO/beinwil.png
Bellach;SO;bilder/SO/bellach.png
Bettlach;SO;bilder/SO/bettlach.png
Biberist;SO;bilder/SO/biberist.png
Biezwil;SO;bilder/SO/biezwil.png
Bolken;SO;bilder/SO/bolken.png
Boningen;SO;bilder/SO/boningen.png
Breitenbach;SO;bilder/SO/breitenbach.png
Buchegg;SO;bilder/SO/buchegg.png
Büren;SO;bilder/SO/bueren.png
Büsserach;SO;bilder/SO/buesserach.png
Däniken;SO;bilder/SO/daeniken.png
Deitingen;SO;bilder/SO/deitingen.png
Derendingen;SO;bilder/SO/derendingen.png
Drei Höfe;SO;bilder/SO/drei_hoefe.png
Dornach;SO;bilder/SO/dornach.png
Dulliken;SO;bilder/SO/dulliken.png
Egerkingen;SO;bilder/SO/egerkingen.png
Eppenberg-Wöschnau;SO;bilder/SO/eppenberg_woeschnau.png
Erlinsbach;SO;bilder/SO/erlinsbach.png
Erschwil;SO;bilder/SO/erschwil.png
Etziken;SO;bilder/SO/etziken.png
Fehren;SO;bilder/SO/fehren.png
Feldbrunnen-St. Niklaus;SO;bilder/SO/feldbrunnen_st_niklaus.png
Flumenthal;SO;bilder/SO/flumenthal.png
Fulenbach;SO;bilder/SO/fulenbach.png
Gempen;SO;bilder/SO/gempen.png
Gerlafingen;SO;bilder/SO/gerlafingen.png
Grenchen;SO;bilder/SO/grenchen.png
Gretzenbach;SO;bilder/SO/gretzenbach.png
Grindel;SO;bilder/SO/grindel.png
Günsberg;SO;bilder/SO/guensberg.png
Gunzgen;SO;bilder/SO/gunzgen.png
Hägendorf;SO;bilder/SO/haegendorf.png
Härkingen;SO;bilder/SO/haerkingen.png
Hauenstein-Ifenthal;SO;bilder/SO/hauenstein_ifenthal.png
Herbetswil;SO;bilder/SO/herbetswil.png
Himmelried;SO;bilder/SO/himmelried.png
Hochwald;SO;bilder/SO/hochwald.png
Hofstetten-Flüh;SO;bilder/SO/hofstetten_flueh.png
Holderbank;SO;bilder/SO/holderbank.png
Horriwil;SO;bilder/SO/horriwil.png
Hubersdorf;SO;bilder/SO/hubersdorf.png
Hüniken;SO;bilder/SO/hueniken.png
Kammersrohr;SO;bilder/SO/kammersrohr.png
Kappel;SO;bilder/SO/kappel.png
Kestenholz;SO;bilder/SO/kestenholz.png
Kienberg;SO;bilder/SO/kienberg.png
Kleinlützel;SO;bilder/SO/kleinluetzel.png
Kriegstetten;SO;bilder/SO/kriegstetten.png
Langendorf;SO;bilder/SO/langendorf.png
Laupersdorf;SO;bilder/SO/laupersdorf.png
Lohn-Ammannsegg;SO;bilder/SO/lohn_ammannsegg.png
Lommiswil;SO;bilder/SO/lommiswil.png
Lostorf;SO;bilder/SO/lostorf.png
Lüsslingen-Nennigkofen;SO;bilder/SO/luesslingen_nennigkofen.png
Luterbach;SO;bilder/SO/luterbach.png
Lüterkofen-Ichertswil;SO;bilder/SO/lueterkofen_ichertswil.png
Matzendorf;SO;bilder/SO/matzendorf.png
Meltingen;SO;bilder/SO/meltingen.png
Messen;SO;bilder/SO/messen.png
Metzerlen-Mariastein;SO;bilder/SO/metzerlen_mariastein.png
Mümliswil-Ramiswil;SO;bilder/SO/muemliswil_ramiswil.png
Neuendorf;SO;bilder/SO/neuendorf.png
Niederbuchsiten;SO;bilder/SO/niederbuchsiten.png
Niedergösgen;SO;bilder/SO/niedergoesgen.png
Nuglar-St. Pantaleon;SO;bilder/SO/nuglar_st_pantaleon.png
Nunningen;SO;bilder/SO/nunningen.png
Oberbuchsiten;SO;bilder/SO/oberbuchsiten.png
Oberdorf;SO;bilder/SO/oberdorf.png
Obergerlafingen;SO;bilder/SO/obergerlafingen.png
Obergösgen;SO;bilder/SO/obergoesgen.png
Oensingen;SO;bilder/SO/oensingen.png
Olten;SO;bilder/SO/olten.png
Recherswil;SO;bilder/SO/recherswil.png
Rickenbach;SO;bilder/SO/rickenbach.png
Riedholz;SO;bilder/SO/riedholz.png
Rodersdorf;SO;bilder/SO/rodersdorf.png
Rüttenen;SO;bilder/SO/ruettenen.png
Schnottwil;SO;bilder/SO/schnottwil.png
Schönenwerd;SO;bilder/SO/schoenenwerd.png
Seewen;SO;bilder/SO/seewen.png
Selzach;SO;bilder/SO/selzach.png
Solothurn;SO;bilder/SO/solothurn.png
Starrkirch-Wil;SO;bilder/SO/starrkirch_wil.png
Stüsslingen;SO;bilder/SO/stuesslingen.png
Subingen;SO;bilder/SO/subingen.png
Trimbach;SO;bilder/SO/trimbach.png
Unterramsern;SO;bilder/SO/unterramsern.png
Walterswil;SO;bilder/SO/walterswil.png
Wangen bei Olten;SO;bilder/SO/wangen_bei_olten.png
Welschenrohr-Gänsbrunnen;SO;bilder/SO/welschenrohr_gaensbrunnen.png
Winznau;SO;bilder/SO/winznau.png
Wisen;SO;bilder/SO/wisen.png
Witterswil;SO;bilder/SO/witterswil.png
Wolfwil;SO;bilder/SO/wolfwil.png
Zuchwil;SO;bilder/SO/zuchwil.png
Zullwil;SO;bilder/SO/zullwil.png
Baar;ZG;bilder/ZG/baar.png
Cham;ZG;bilder/ZG/cham.png
Hünenberg;ZG;bilder/ZG/huenenberg.png
Menzingen;ZG;bilder/ZG/menzingen.png
Neuheim;ZG;bilder/ZG/neuheim.png
Oberägeri;ZG;bilder/ZG/oberaegeri.png
Risch;ZG;bilder/ZG/risch.png
Steinhausen;ZG;bilder/ZG/steinhausen.png
Unterägeri;ZG;bilder/ZG/unteraegeri.png
Walchwil;ZG;bilder/ZG/walchwil.png
Zug;ZG;bilder/ZG/zug.png
Adligenswil;LU;bilder/LU/adligenswil.png
Aesch;LU;bilder/LU/aesch.png
Alberswil;LU;bilder/LU/alberswil.png
Altbüron;LU;bilder/LU/altbueron.png
Altishofen;LU;bilder/LU/altishofen.png
Ballwil;LU;bilder/LU/ballwil.png
Beromünster;LU;bilder/LU/beromuenster.png
Buchrain;LU;bilder/LU/buchrain.png
Büron;LU;bilder/LU/bueron.png
Buttisholz;LU;bilder/LU/buttisholz.png
Dagmersellen;LU;bilder/LU/dagmersellen.png
Dierikon;LU;bilder/LU/dierikon.png
Doppleschwand;LU;bilder/LU/doppleschwand.png
Ebikon;LU;bilder/LU/ebikon.png
Egolzwil;LU;bilder/LU/egolzwil.png
Eich;LU;bilder/LU/eich.png
Emmen;LU;bilder/LU/emmen.png
Entlebuch;LU;bilder/LU/entlebuch.png
Ermensee;LU;bilder/LU/ermensee.png
Eschenbach;LU;bilder/LU/eschenbach.png
Escholzmatt-Marbach;LU;bilder/LU/escholzmatt.png,bilder/LU/marbach.png
Ettiswil;LU;bilder/LU/ettiswil.png
Fischbach;LU;bilder/LU/fischbach.png
Flühli;LU;bilder/LU/fluehli.png
Geuensee;LU;bilder/LU/geuensee.png
Gisikon;LU;bilder/LU/gisikon.png
Greppen;LU;bilder/LU/greppen.png
Grossdietwil;LU;bilder/LU/grossdietwil.png
Grosswangen;LU;bilder/LU/grosswangen.png
Hasle;LU;bilder/LU/hasle.png
Hergiswil bei Willisau;LU;bilder/LU/hergiswil_bei_willisau.png
Hildisrieden;LU;bilder/LU/hildisrieden.png
Hitzkirch;LU;bilder/LU/hitzkirch.png
Hochdorf;LU;bilder/LU/hochdorf.png
Hohenrain;LU;bilder/LU/hohenrain.png
Horw;LU;bilder/LU/horw.png
Inwil;LU;bilder/LU/inwil.png
Knutwil;LU;bilder/LU/knutwil.png
Kriens;LU;bilder/LU/kriens.png
Luthern;LU;bilder/LU/luthern.png
Luzern;LU;bilder/LU/luzern.png
Malters;LU;bilder/LU/malters.png
Mauensee;LU;bilder/LU/mauensee.png
Meggen;LU;bilder/LU/meggen.png
Meierskappel;LU;bilder/LU/meierskappel.png
Menznau;LU;bilder/LU/menznau.png
Nebikon;LU;bilder/LU/nebikon.png
Neuenkirch;LU;bilder/LU/neuenkirch.png
Nottwil;LU;bilder/LU/nottwil.png
Oberkirch;LU;bilder/LU/oberkirch.png
Pfaffnau;LU;bilder/LU/pfaffnau.png
Rain;LU;bilder/LU/rain.png
Reiden;LU;bilder/LU/reiden.png
Rickenbach;LU;bilder/LU/rickenbach.png
Roggliswil;LU;bilder/LU/roggliswil.png
Römerswil;LU;bilder/LU/roemerswil.png
Romoos;LU;bilder/LU/romoos.png
Root;LU;bilder/LU/root.png
Rothenburg ;LU;bilder/LU/rothenburg.png
Ruswil;LU;bilder/LU/ruswil.png
Schenkon;LU;bilder/LU/schenkon.png
Schlierbach;LU;bilder/LU/schlierbach.png
Schongau;LU;bilder/LU/schongau.png
Schötz;LU;bilder/LU/schoetz.png
Schüpfheim;LU;bilder/LU/schuepfheim.png
Schwarzenberg;LU;bilder/LU/schwarzenberg.png
Sempach;LU;bilder/LU/sempach.png
Sursee;LU;bilder/LU/sursee.png
Triengen;LU;bilder/LU/triengen.png
Udligenswil;LU;bilder/LU/udligenswil.png
Ufhusen;LU;bilder/LU/ufhusen.png
Vitznau;LU;bilder/LU/vitznau.png
Wauwil;LU;bilder/LU/wauwil.png
Weggis;LU;bilder/LU/weggis.png
Werthenstein;LU;bilder/LU/werthenstein.png
Wikon;LU;bilder/LU/wikon.png
Willisau;LU;bilder/LU/willisau.png
Wolhusen;LU;bilder/LU/wolhusen.png
Zell;LU;bilder/LU/zell.png
Adliswil;ZH;bilder/ZH/adliswil.png
Aesch;ZH;bilder/ZH/aesch.png
Aeugst am Albis;ZH;bilder/ZH/aeugst_am_albis.png
Affoltern am Albis;ZH;bilder/ZH/affoltern_am_albis.png
Altikon;ZH;bilder/ZH/altikon.png
Andelfingen;ZH;bilder/ZH/andelfingen.png
Bachenbülach;ZH;bilder/ZH/bachenbuelach.png
Bachs;ZH;bilder/ZH/bachs.png
Bäretswil;ZH;bilder/ZH/baeretswil.png
Bassersdorf;ZH;bilder/ZH/bassersdorf.png
Bauma;ZH;bilder/ZH/bauma.png
Benken;ZH;bilder/ZH/benken.png
Berg am Irchel;ZH;bilder/ZH/berg_am_irchel.png
Birmensdorf;ZH;bilder/ZH/birmensdorf.png
Bonstetten;ZH;bilder/ZH/bonstetten.png
Boppelsen;ZH;bilder/ZH/boppelsen.png
Brütten;ZH;bilder/ZH/bruetten.png
Bubikon;ZH;bilder/ZH/bubikon.png
Buch am Irchel;ZH;bilder/ZH/buch_am_irchel.png
Buchs;ZH;bilder/ZH/buchs.png
Bülach;ZH;bilder/ZH/buelach.png
Dachsen;ZH;bilder/ZH/dachsen.png
Dägerlen;ZH;bilder/ZH/daegerlen.png
Dällikon;ZH;bilder/ZH/daellikon.png
Dänikon;ZH;bilder/ZH/daenikon.png
Dättlikon;ZH;bilder/ZH/daettlikon.png
Dielsdorf;ZH;bilder/ZH/dielsdorf.png
Dietikon;ZH;bilder/ZH/dietikon.png
Dietlikon;ZH;bilder/ZH/dietlikon.png
Dinhard;ZH;bilder/ZH/dinhard.png
Dorf;ZH;bilder/ZH/dorf.png
Dübendorf;ZH;bilder/ZH/duebendorf.png
Dürnten;ZH;bilder/ZH/duernten.png
Egg;ZH;bilder/ZH/egg.png
Eglisau;ZH;bilder/ZH/eglisau.png
Elgg;ZH;bilder/ZH/elgg.png
Ellikon an der Thur;ZH;bilder/ZH/ellikon_an_der_thur.png
Elsau;ZH;bilder/ZH/elsau.png
Embrach;ZH;bilder/ZH/embrach.png
Erlenbach;ZH;bilder/ZH/erlenbach.png
Fällanden;ZH;bilder/ZH/faellanden.png
Fehraltorf;ZH;bilder/ZH/fehraltorf.png
Feuerthalen;ZH;bilder/ZH/feuerthalen.png
Fischenthal;ZH;bilder/ZH/fischenthal.png
Flaach;ZH;bilder/ZH/flaach.png
Flurlingen;ZH;bilder/ZH/flurlingen.png
Freienstein-Teufen;ZH;bilder/ZH/freienstein_teufen.png
Geroldswil;ZH;bilder/ZH/geroldswil.png
Glattfelden;ZH;bilder/ZH/glattfelden.png
Gossau;ZH;bilder/ZH/gossau.png
Greifensee;ZH;bilder/ZH/greifensee.png
Grüningen;ZH;bilder/ZH/grueningen.png
Hagenbuch;ZH;bilder/ZH/hagenbuch.png
Hausen am Albis;ZH;bilder/ZH/hausen_am_albis.png
Hedingen;ZH;bilder/ZH/hedingen.png
Henggart;ZH;bilder/ZH/henggart.png
Herrliberg;ZH;bilder/ZH/herrliberg.png
Hettlingen;ZH;bilder/ZH/hettlingen.png
Hinwil;ZH;bilder/ZH/hinwil.png
Hittnau;ZH;bilder/ZH/hittnau.png
Hochfelden;ZH;bilder/ZH/hochfelden.png
Hombrechtikon;ZH;bilder/ZH/hombrechtikon.png
Horgen;ZH;bilder/ZH/horgen.png
Höri;ZH;bilder/ZH/hoeri.png
Hüntwangen;ZH;bilder/ZH/huentwangen.png
Hüttikon;ZH;bilder/ZH/huettikon.png
Illnau-Effretikon;ZH;bilder/ZH/illnau_effretikon.png
Kappel am Albis;ZH;bilder/ZH/kappel_am_albis.png
Kilchberg;ZH;bilder/ZH/kilchberg.png
Kleinandelfingen;ZH;bilder/ZH/kleinandelfingen.png
Kloten;ZH;bilder/ZH/kloten.png
Knonau;ZH;bilder/ZH/knonau.png
Küsnacht;ZH;bilder/ZH/kuesnacht.png
Langnau am Albis;ZH;bilder/ZH/langnau_am_albis.png
Laufen-Uhwiesen;ZH;bilder/ZH/laufen_uhwiesen.png
Lindau;ZH;bilder/ZH/lindau.png
Lufingen;ZH;bilder/ZH/lufingen.png
Männedorf;ZH;bilder/ZH/maennedorf.png
Marthalen;ZH;bilder/ZH/marthalen.png
Maschwanden;ZH;bilder/ZH/maschwanden.png
Maur;ZH;bilder/ZH/maur.png
Meilen;ZH;bilder/ZH/meilen.png
Mettmenstetten;ZH;bilder/ZH/mettmenstetten.png
Mönchaltorf;ZH;bilder/ZH/moenchaltorf.png
Neerach;ZH;bilder/ZH/neerach.png
Neftenbach;ZH;bilder/ZH/neftenbach.png
Niederglatt;ZH;bilder/ZH/niederglatt.png
Niederhasli;ZH;bilder/ZH/niederhasli.png
Niederweningen;ZH;bilder/ZH/niederweningen.png
Nürensdorf;ZH;bilder/ZH/nuerensdorf.png
Oberembrach;ZH;bilder/ZH/oberembrach.png
Oberengstringen;ZH;bilder/ZH/oberengstringen.png
Oberglatt;ZH;bilder/ZH/oberglatt.png
Oberrieden;ZH;bilder/ZH/oberrieden.png
Oberweningen;ZH;bilder/ZH/oberweningen.png
Obfelden;ZH;bilder/ZH/obfelden.png
Oetwil am See;ZH;bilder/ZH/oetwil_am_see.png
Oetwil an der Limmat;ZH;bilder/ZH/oetwil_an_der_limmat.png
Opfikon;ZH;bilder/ZH/opfikon.png
Ossingen;ZH;bilder/ZH/ossingen.png
Otelfingen;ZH;bilder/ZH/otelfingen.png
Ottenbach;ZH;bilder/ZH/ottenbach.png
Pfäffikon;ZH;bilder/ZH/pfaeffikon.png
Pfungen;ZH;bilder/ZH/pfungen.png
Rafz;ZH;bilder/ZH/rafz.png
Regensberg;ZH;bilder/ZH/regensberg.png
Regensdorf;ZH;bilder/ZH/regensdorf.png
Rheinau;ZH;bilder/ZH/rheinau.png
Richterswil;ZH;bilder/ZH/richterswil.png
Rickenbach;ZH;bilder/ZH/rickenbach.png
Rifferswil;ZH;bilder/ZH/rifferswil.png
Rorbas;ZH;bilder/ZH/rorbas.png
Rümlang;ZH;bilder/ZH/ruemlang.png
Rüschlikon;ZH;bilder/ZH/rueschlikon.png
Russikon;ZH;bilder/ZH/russikon.png
Rüti;ZH;bilder/ZH/rueti.png
Schlatt;ZH;bilder/ZH/schlatt.png
Schleinikon;ZH;bilder/ZH/schleinikon.png
Schlieren;ZH;bilder/ZH/schlieren.png
Schöfflisdorf;ZH;bilder/ZH/schoefflisdorf.png
Schwerzenbach;ZH;bilder/ZH/schwerzenbach.png
Seegräben;ZH;bilder/ZH/seegraeben.png
Seuzach;ZH;bilder/ZH/seuzach.png
Stadel;ZH;bilder/ZH/stadel.png
Stammheim;ZH;bilder/ZH/stammheim.png
Stäfa;ZH;bilder/ZH/staefa.png
Stallikon;ZH;bilder/ZH/stallikon.png
Steinmaur;ZH;bilder/ZH/steinmaur.png
Thalheim an der Thur;ZH;bilder/ZH/thalheim_an_der_thur.png
Thalwil;ZH;bilder/ZH/thalwil.png
Trüllikon;ZH;bilder/ZH/truellikon.png
Truttikon;ZH;bilder/ZH/truttikon.png
Turbenthal;ZH;bilder/ZH/turbenthal.png
Uetikon am See;ZH;bilder/ZH/uetikon_am_see.png
Uitikon;ZH;bilder/ZH/uitikon.png
Unterengstringen;ZH;bilder/ZH/unterengstringen.png
Urdorf;ZH;bilder/ZH/urdorf.png
Uster;ZH;bilder/ZH/uster.png
Volken;ZH;bilder/ZH/volken.png
Volketswil;ZH;bilder/ZH/volketswil.png
Wädenswil;ZH;bilder/ZH/waedenswil.png
Wald;ZH;bilder/ZH/wald.png
Wallisellen;ZH;bilder/ZH/wallisellen.png
Wangen-Brüttisellen;ZH;bilder/ZH/wangen_bruettisellen.png
Wasterkingen;ZH;bilder/ZH/wasterkingen.png
Weiach;ZH;bilder/ZH/weiach.png
Weiningen;ZH;bilder/ZH/weiningen.png
Weisslingen;ZH;bilder/ZH/weisslingen.png
Wettswil am Albis;ZH;bilder/ZH/wettswil_am_albis.png
Wetzikon;ZH;bilder/ZH/wetzikon.png
Wiesendangen;ZH;bilder/ZH/wiesendangen.png
Wil;ZH;bilder/ZH/wil.png
Wila;ZH;bilder/ZH/wila.png
Wildberg;ZH;bilder/ZH/wildberg.png
Winkel;ZH;bilder/ZH/winkel.png
Winterthur;ZH;bilder/ZH/winterthur.png
Zell;ZH;bilder/ZH/zell.png
Zollikon;ZH;bilder/ZH/zollikon.png
Zumikon;ZH;bilder/ZH/zumikon.png
Zürich;ZH;bilder/ZH/zuerich.png
